{
    "RMSE_mean": 4.8657096578253896,
    "PRMSE_mean": 0.21551297232000538,
    "R2_score_mean": 0.7087804114769386
}