{
    "fold": 0,
    "RMSE": 3.812792121438575,
    "PRMSE": 0.18078504852488592,
    "R2_score": 0.7671567880863649
}