{
    "fold": 9,
    "RMSE": 5.026807499490536,
    "PRMSE": 0.2233342589075234,
    "R2_score": 0.6192620238041713
}