{
    "fold": 1,
    "RMSE": 5.929064882975028,
    "PRMSE": 0.2709033408275635,
    "R2_score": 0.5810857282375085
}