{
    "fold": 2,
    "RMSE": 4.082120003765595,
    "PRMSE": 0.19084070051521254,
    "R2_score": 0.7820031144186822
}