{
    "fold": 4,
    "RMSE": 6.1505001523755904,
    "PRMSE": 0.24946358181259354,
    "R2_score": 0.5874478937257839
}