{
    "fold": 8,
    "RMSE": 4.7488509128283924,
    "PRMSE": 0.20958826519676904,
    "R2_score": 0.7114499096092908
}