{
    "fold": 6,
    "RMSE": 5.24815089519242,
    "PRMSE": 0.230748808265583,
    "R2_score": 0.7339625426219857
}