{
    "fold": 5,
    "RMSE": 4.397149064286549,
    "PRMSE": 0.19681815190329474,
    "R2_score": 0.7960064803854808
}