{
    "fold": 3,
    "RMSE": 4.870568942305109,
    "PRMSE": 0.21630008364468878,
    "R2_score": 0.7121031452755088
}