{
    "fold": 7,
    "RMSE": 4.391092103596121,
    "PRMSE": 0.1863474836019403,
    "R2_score": 0.7973264886046062
}