{
    "RMSE_mean": 4.865709657825392,
    "PRMSE_mean": 0.2155129723200055,
    "R2_score_mean": 0.7087804114769383
}