{
    "RMSE": 2.7948475755900515,
    "PRMSE": 0.1327961201851998,
    "R2_score": 0.6331090727001122
}